{
    "data": [
        {
            "angles": [
                {
                    "omega": 0.685241286453508,
                    "phi": 0.0,
                    "psi": 132.733627138657
                },
                {
                    "omega": -161.636621720832,
                    "phi": -109.838714815932,
                    "psi": 4.54728781668825
                },
                {
                    "omega": -171.445909339923,
                    "phi": -98.6708432020944,
                    "psi": -24.4968896569907
                },
                {
                    "omega": 0.0,
                    "phi": -131.582772486488,
                    "psi": 0.0
                }
            ],
            "name": "3C6S_2",
            "residues": [
                "PRO",
                "MET",
                "ASP",
                "TYR"
            ]
        }
    ]
}
